league,season,raw_name,rank,played,points,gf,ga
eng.1,2005,Chelsea,1,38,91,72,22
eng.1,2005,Manchester United,2,38,83,72,34
eng.1,2005,Liverpool,3,38,82,57,25
eng.1,2005,Arsenal,4,38,67,68,31
eng.1,2005,Tottenham Hotspur,5,38,65,53,38
eng.1,2005,Blackburn Rovers,6,38,63,51,42
eng.1,2005,Newcastle United,7,38,58,47,42
eng.1,2005,Bolton Wanderers,8,38,56,49,41
eng.1,2005,West Ham United,9,38,55,52,55
eng.1,2005,Wigan Athletic,10,38,51,45,52
eng.1,2005,Everton,11,38,50,34,49
eng.1,2005,Fulham,12,38,48,48,58
eng.1,2005,Charlton Athletic,13,38,47,41,55
eng.1,2005,Middlesbrough,14,38,45,48,58
eng.1,2005,Manchester City,15,38,43,43,48
eng.1,2005,Aston Villa,16,38,42,42,55
eng.1,2005,Portsmouth,17,38,38,37,62
eng.1,2005,Birmingham City,18,38,34,28,50
eng.1,2005,West Bromwich Albion,19,38,30,31,58
eng.1,2005,Sunderland,20,38,15,26,69
eng.1,2006,Manchester United,1,38,89,83,27
eng.1,2006,Chelsea,2,38,83,64,24
eng.1,2006,Liverpool,3,38,68,57,27
eng.1,2006,Arsenal,4,38,68,63,35
eng.1,2006,Tottenham Hotspur,5,38,60,57,54
eng.1,2006,Everton,6,38,58,52,36
eng.1,2006,Bolton Wanderers,7,38,56,47,52
eng.1,2006,Reading,8,38,55,52,47
eng.1,2006,Portsmouth,9,38,54,45,42
eng.1,2006,Blackburn Rovers,10,38,52,52,54
eng.1,2006,Aston Villa,11,38,50,43,41
eng.1,2006,Middlesbrough,12,38,46,44,49
eng.1,2006,Newcastle United,13,38,43,38,47
eng.1,2006,Manchester City,14,38,42,29,44
eng.1,2006,West Ham United,15,38,41,35,59
eng.1,2006,Fulham,16,38,39,38,60
eng.1,2006,Wigan Athletic,17,38,38,37,59
eng.1,2006,Sheffield United,18,38,38,32,55
eng.1,2006,Charlton Athletic,19,38,34,34,60
eng.1,2006,Watford,20,38,28,29,59
eng.1,2007,Manchester United,1,38,87,80,22
eng.1,2007,Chelsea,2,38,85,65,26
eng.1,2007,Arsenal,3,38,83,74,31
eng.1,2007,Liverpool,4,38,76,67,28
eng.1,2007,Everton,5,38,65,55,33
eng.1,2007,Aston Villa,6,38,60,71,51
eng.1,2007,Blackburn Rovers,7,38,58,50,48
eng.1,2007,Portsmouth,8,38,57,48,40
eng.1,2007,Manchester City,9,38,55,45,53
eng.1,2007,West Ham United,10,38,49,42,50
eng.1,2007,Tottenham Hotspur,11,38,46,66,61
eng.1,2007,Newcastle United,12,38,43,45,65
eng.1,2007,Middlesbrough,13,38,42,43,53
eng.1,2007,Wigan Athletic,14,38,40,34,51
eng.1,2007,Sunderland,15,38,39,36,59
eng.1,2007,Bolton Wanderers,16,38,37,36,54
eng.1,2007,Fulham,17,38,36,38,60
eng.1,2007,Reading,18,38,36,41,66
eng.1,2007,Birmingham City,19,38,35,46,62
eng.1,2007,Derby County,20,38,11,20,89
eng.1,2008,Manchester United,1,38,90,68,24
eng.1,2008,Liverpool,2,38,86,77,27
eng.1,2008,Chelsea,3,38,83,68,24
eng.1,2008,Arsenal,4,38,72,68,37
eng.1,2008,Everton,5,38,63,55,37
eng.1,2008,Aston Villa,6,38,62,54,48
eng.1,2008,Fulham,7,38,53,39,34
eng.1,2008,Tottenham Hotspur,8,38,51,45,45
eng.1,2008,West Ham United,9,38,51,42,45
eng.1,2008,Manchester City,10,38,50,58,50
eng.1,2008,Wigan Athletic,11,38,45,34,45
eng.1,2008,Stoke City,12,38,45,38,55
eng.1,2008,Bolton Wanderers,13,38,41,41,53
eng.1,2008,Portsmouth,14,38,41,38,57
eng.1,2008,Blackburn Rovers,15,38,41,40,60
eng.1,2008,Sunderland,16,38,36,34,54
eng.1,2008,Hull City,17,38,35,39,64
eng.1,2008,Newcastle United,18,38,34,40,59
eng.1,2008,Middlesbrough,19,38,32,28,57
eng.1,2008,West Bromwich Albion,20,38,32,36,67
eng.1,2009,Chelsea,1,38,86,103,32
eng.1,2009,Manchester United,2,38,85,86,28
eng.1,2009,Arsenal,3,38,75,83,41
eng.1,2009,Tottenham Hotspur,4,38,70,67,41
eng.1,2009,Manchester City,5,38,67,73,45
eng.1,2009,Aston Villa,6,38,64,52,39
eng.1,2009,Liverpool,7,38,63,61,35
eng.1,2009,Everton,8,38,61,60,49
eng.1,2009,Birmingham City,9,38,50,38,47
eng.1,2009,Blackburn Rovers,10,38,50,41,55
eng.1,2009,Stoke City,11,38,47,34,48
eng.1,2009,Fulham,12,38,46,39,46
eng.1,2009,Sunderland,13,38,44,48,56
eng.1,2009,Bolton Wanderers,14,38,39,42,67
eng.1,2009,Wolverhampton Wanderers,15,38,38,32,56
eng.1,2009,Wigan Athletic,16,38,36,37,79
eng.1,2009,West Ham United,17,38,35,47,66
eng.1,2009,Burnley,18,38,30,42,82
eng.1,2009,Hull City,19,38,30,34,75
eng.1,2009,Portsmouth,20,38,19,34,66
eng.1,2010,Manchester United,1,38,80,78,37
eng.1,2010,Chelsea,2,38,71,69,33
eng.1,2010,Manchester City,3,38,71,60,33
eng.1,2010,Arsenal,4,38,68,72,43
eng.1,2010,Tottenham Hotspur,5,38,62,55,46
eng.1,2010,Liverpool,6,38,58,59,44
eng.1,2010,Everton,7,38,54,51,45
eng.1,2010,Fulham,8,38,49,49,43
eng.1,2010,Aston Villa,9,38,48,48,59
eng.1,2010,Sunderland,10,38,47,45,56
eng.1,2010,West Bromwich Albion,11,38,47,56,71
eng.1,2010,Newcastle United,12,38,46,56,57
eng.1,2010,Stoke City,13,38,46,46,48
eng.1,2010,Bolton Wanderers,14,38,46,52,56
eng.1,2010,Blackburn Rovers,15,38,43,46,59
eng.1,2010,Wigan Athletic,16,38,42,40,61
eng.1,2010,Wolverhampton Wanderers,17,38,40,46,66
eng.1,2010,Birmingham City,18,38,39,37,58
eng.1,2010,Blackpool,19,38,39,55,78
eng.1,2010,West Ham United,20,38,33,43,70
eng.1,2011,Manchester City,1,38,89,93,29
eng.1,2011,Manchester United,2,38,89,89,33
eng.1,2011,Arsenal,3,38,70,74,49
eng.1,2011,Tottenham Hotspur,4,38,69,66,41
eng.1,2011,Newcastle United,5,38,65,56,51
eng.1,2011,Chelsea,6,38,64,65,46
eng.1,2011,Everton,7,38,56,50,40
eng.1,2011,Liverpool,8,38,52,47,40
eng.1,2011,Fulham,9,38,52,48,51
eng.1,2011,West Bromwich Albion,10,38,47,45,52
eng.1,2011,Swansea City,11,38,47,44,51
eng.1,2011,Norwich City,12,38,47,52,66
eng.1,2011,Sunderland,13,38,45,45,46
eng.1,2011,Stoke City,14,38,45,36,53
eng.1,2011,Wigan Athletic,15,38,43,42,62
eng.1,2011,Aston Villa,16,38,38,37,53
eng.1,2011,Queens Park Rangers,17,38,37,43,66
eng.1,2011,Bolton Wanderers,18,38,36,46,77
eng.1,2011,Blackburn Rovers,19,38,31,48,78
eng.1,2011,Wolverhampton Wanderers,20,38,25,40,82
eng.1,2012,Manchester United,1,38,89,86,43
eng.1,2012,Manchester City,2,38,78,66,34
eng.1,2012,Chelsea,3,38,75,75,39
eng.1,2012,Arsenal,4,38,73,72,37
eng.1,2012,Tottenham Hotspur,5,38,72,66,46
eng.1,2012,Everton,6,38,63,55,40
eng.1,2012,Liverpool,7,38,61,71,43
eng.1,2012,West Bromwich Albion,8,38,49,53,57
eng.1,2012,Swansea City,9,38,46,47,51
eng.1,2012,West Ham United,10,38,46,45,53
eng.1,2012,Norwich City,11,38,44,41,58
eng.1,2012,Fulham,12,38,43,50,60
eng.1,2012,Stoke City,13,38,42,34,45
eng.1,2012,Southampton,14,38,41,49,60
eng.1,2012,Aston Villa,15,38,41,47,69
eng.1,2012,Newcastle United,16,38,41,45,68
eng.1,2012,Sunderland,17,38,39,41,54
eng.1,2012,Wigan Athletic,18,38,36,47,73
eng.1,2012,Reading,19,38,28,43,73
eng.1,2012,Queens Park Rangers,20,38,25,30,60
eng.1,2013,Manchester City,1,38,86,102,37
eng.1,2013,Liverpool,2,38,84,101,50
eng.1,2013,Chelsea,3,38,82,71,27
eng.1,2013,Arsenal,4,38,79,68,41
eng.1,2013,Everton,5,38,72,61,39
eng.1,2013,Tottenham Hotspur,6,38,69,55,51
eng.1,2013,Manchester United,7,38,64,64,43
eng.1,2013,Southampton,8,38,56,54,46
eng.1,2013,Stoke City,9,38,50,45,52
eng.1,2013,Newcastle United,10,38,49,43,59
eng.1,2013,Crystal Palace,11,38,45,33,48
eng.1,2013,Swansea City,12,38,42,54,54
eng.1,2013,West Ham United,13,38,40,40,51
eng.1,2013,Sunderland,14,38,38,41,60
eng.1,2013,Aston Villa,15,38,38,39,61
eng.1,2013,Hull City,16,38,37,38,53
eng.1,2013,West Bromwich Albion,17,38,36,43,59
eng.1,2013,Norwich City,18,38,33,28,62
eng.1,2013,Fulham,19,38,32,40,85
eng.1,2013,Cardiff City,20,38,30,32,74
eng.1,2014,Chelsea,1,38,87,73,32
eng.1,2014,Manchester City,2,38,79,83,38
eng.1,2014,Arsenal,3,38,75,71,36
eng.1,2014,Manchester United,4,38,70,62,37
eng.1,2014,Tottenham Hotspur,5,38,64,58,53
eng.1,2014,Liverpool,6,38,62,52,48
eng.1,2014,Southampton,7,38,60,54,33
eng.1,2014,Swansea City,8,38,56,46,49
eng.1,2014,Stoke City,9,38,54,48,45
eng.1,2014,Crystal Palace,10,38,48,47,51
eng.1,2014,Everton,11,38,47,48,50
eng.1,2014,West Ham United,12,38,47,44,47
eng.1,2014,West Bromwich Albion,13,38,44,38,51
eng.1,2014,Leicester City,14,38,41,46,55
eng.1,2014,Newcastle United,15,38,39,40,63
eng.1,2014,Sunderland,16,38,38,31,53
eng.1,2014,Aston Villa,17,38,38,31,57
eng.1,2014,Hull City,18,38,35,33,51
eng.1,2014,Burnley,19,38,33,28,53
eng.1,2014,Queens Park Rangers,20,38,30,42,73
eng.1,2015,Leicester City,1,38,81,68,36
eng.1,2015,Arsenal,2,38,71,65,36
eng.1,2015,Tottenham Hotspur,3,38,70,69,35
eng.1,2015,Manchester City,4,38,66,71,41
eng.1,2015,Manchester United,5,38,66,49,35
eng.1,2015,Southampton,6,38,63,59,41
eng.1,2015,West Ham United,7,38,62,65,51
eng.1,2015,Liverpool,8,38,60,63,50
eng.1,2015,Stoke City,9,38,51,41,55
eng.1,2015,Chelsea,10,38,50,59,53
eng.1,2015,Everton,11,38,47,59,55
eng.1,2015,Swansea City,12,38,47,42,52
eng.1,2015,Watford,13,38,45,40,50
eng.1,2015,West Bromwich Albion,14,38,43,34,48
eng.1,2015,Crystal Palace,15,38,42,39,51
eng.1,2015,AFC Bournemouth,16,38,42,45,67
eng.1,2015,Sunderland,17,38,39,48,62
eng.1,2015,Newcastle United,18,38,37,44,65
eng.1,2015,Norwich City,19,38,34,39,67
eng.1,2015,Aston Villa,20,38,17,27,76
eng.1,2016,Chelsea,1,38,93,85,33
eng.1,2016,Tottenham Hotspur,2,38,86,86,26
eng.1,2016,Manchester City,3,38,78,80,39
eng.1,2016,Liverpool,4,38,76,78,42
eng.1,2016,Arsenal,5,38,75,77,44
eng.1,2016,Manchester United,6,38,69,54,29
eng.1,2016,Everton,7,38,61,62,44
eng.1,2016,Southampton,8,38,46,41,48
eng.1,2016,AFC Bournemouth,9,38,46,55,67
eng.1,2016,West Bromwich Albion,10,38,45,43,51
eng.1,2016,West Ham United,11,38,45,47,64
eng.1,2016,Leicester City,12,38,44,48,63
eng.1,2016,Stoke City,13,38,44,41,56
eng.1,2016,Crystal Palace,14,38,41,50,63
eng.1,2016,Swansea City,15,38,41,45,70
eng.1,2016,Burnley,16,38,40,39,55
eng.1,2016,Watford,17,38,40,40,68
eng.1,2016,Hull City,18,38,34,37,80
eng.1,2016,Middlesbrough,19,38,28,27,53
eng.1,2016,Sunderland,20,38,24,29,69
eng.1,2017,Manchester City,1,38,100,106,27
eng.1,2017,Manchester United,2,38,81,68,28
eng.1,2017,Tottenham Hotspur,3,38,77,74,36
eng.1,2017,Liverpool,4,38,75,84,38
eng.1,2017,Chelsea,5,38,70,62,38
eng.1,2017,Arsenal,6,38,63,74,51
eng.1,2017,Burnley,7,38,54,36,39
eng.1,2017,Everton,8,38,49,44,58
eng.1,2017,Leicester City,9,38,47,56,60
eng.1,2017,Newcastle United,10,38,44,39,47
eng.1,2017,Crystal Palace,11,38,44,45,55
eng.1,2017,AFC Bournemouth,12,38,44,45,61
eng.1,2017,West Ham United,13,38,42,48,68
eng.1,2017,Watford,14,38,41,44,64
eng.1,2017,Brighton & Hove Albion,15,38,40,34,54
eng.1,2017,Huddersfield Town,16,38,37,28,58
eng.1,2017,Southampton,17,38,36,37,56
eng.1,2017,Swansea City,18,38,33,28,56
eng.1,2017,Stoke City,19,38,33,35,68
eng.1,2017,West Bromwich Albion,20,38,31,31,56
eng.1,2018,Manchester City,1,38,98,95,23
eng.1,2018,Liverpool,2,38,97,89,22
eng.1,2018,Chelsea,3,38,72,63,39
eng.1,2018,Tottenham Hotspur,4,38,71,67,39
eng.1,2018,Arsenal,5,38,70,73,51
eng.1,2018,Manchester United,6,38,66,65,54
eng.1,2018,Wolverhampton Wanderers,7,38,57,47,46
eng.1,2018,Everton,8,38,54,54,46
eng.1,2018,Leicester City,9,38,52,51,48
eng.1,2018,West Ham United,10,38,52,52,55
eng.1,2018,Watford,11,38,50,52,59
eng.1,2018,Crystal Palace,12,38,49,51,53
eng.1,2018,Newcastle United,13,38,45,42,48
eng.1,2018,AFC Bournemouth,14,38,45,56,70
eng.1,2018,Burnley,15,38,40,45,68
eng.1,2018,Southampton,16,38,39,45,65
eng.1,2018,Brighton & Hove Albion,17,38,36,35,60
eng.1,2018,Cardiff City,18,38,34,34,69
eng.1,2018,Fulham,19,38,26,34,81
eng.1,2018,Huddersfield Town,20,38,16,22,76
eng.1,2019,Liverpool,1,38,99,85,33
eng.1,2019,Manchester City,2,38,81,102,35
eng.1,2019,Manchester United,3,38,66,66,36
eng.1,2019,Chelsea,4,38,66,69,54
eng.1,2019,Leicester City,5,38,62,67,41
eng.1,2019,Tottenham Hotspur,6,38,59,61,47
eng.1,2019,Wolverhampton Wanderers,7,38,59,51,40
eng.1,2019,Arsenal,8,38,56,56,48
eng.1,2019,Sheffield United,9,38,54,39,39
eng.1,2019,Burnley,10,38,54,43,50
eng.1,2019,Southampton,11,38,52,51,60
eng.1,2019,Everton,12,38,49,44,56
eng.1,2019,Newcastle United,13,38,44,38,58
eng.1,2019,Crystal Palace,14,38,43,31,50
eng.1,2019,Brighton & Hove Albion,15,38,41,39,54
eng.1,2019,West Ham United,16,38,39,49,62
eng.1,2019,Aston Villa,17,38,35,41,67
eng.1,2019,AFC Bournemouth,18,38,34,40,65
eng.1,2019,Watford,19,38,34,36,64
eng.1,2019,Norwich City,20,38,21,26,75
eng.1,2020,Manchester City,1,38,86,83,32
eng.1,2020,Manchester United,2,38,74,73,44
eng.1,2020,Liverpool,3,38,69,68,42
eng.1,2020,Chelsea,4,38,67,58,36
eng.1,2020,Leicester City,5,38,66,68,50
eng.1,2020,West Ham United,6,38,65,62,47
eng.1,2020,Tottenham Hotspur,7,38,62,68,45
eng.1,2020,Arsenal,8,38,61,55,39
eng.1,2020,Leeds United,9,38,59,62,54
eng.1,2020,Everton,10,38,59,47,48
eng.1,2020,Aston Villa,11,38,55,55,46
eng.1,2020,Newcastle United,12,38,45,46,62
eng.1,2020,Wolverhampton Wanderers,13,38,45,36,52
eng.1,2020,Crystal Palace,14,38,44,41,66
eng.1,2020,Southampton,15,38,43,47,68
eng.1,2020,Brighton & Hove Albion,16,38,41,40,46
eng.1,2020,Burnley,17,38,39,33,55
eng.1,2020,Fulham,18,38,28,27,53
eng.1,2020,West Bromwich Albion,19,38,26,35,76
eng.1,2020,Sheffield United,20,38,23,20,63
eng.1,2021,Manchester City,1,38,93,99,26
eng.1,2021,Liverpool,2,38,92,94,26
eng.1,2021,Chelsea,3,38,74,76,33
eng.1,2021,Tottenham Hotspur,4,38,71,69,40
eng.1,2021,Arsenal,5,38,69,61,48
eng.1,2021,Manchester United,6,38,58,57,57
eng.1,2021,West Ham United,7,38,56,60,51
eng.1,2021,Leicester City,8,38,52,62,59
eng.1,2021,Brighton & Hove Albion,9,38,51,42,44
eng.1,2021,Wolverhampton Wanderers,10,38,51,38,43
eng.1,2021,Newcastle United,11,38,49,44,62
eng.1,2021,Crystal Palace,12,38,48,50,46
eng.1,2021,Brentford,13,38,46,48,56
eng.1,2021,Aston Villa,14,38,45,52,54
eng.1,2021,Southampton,15,38,40,43,67
eng.1,2021,Everton,16,38,39,43,66
eng.1,2021,Leeds United,17,38,38,42,79
eng.1,2021,Burnley,18,38,35,34,53
eng.1,2021,Watford,19,38,23,34,77
eng.1,2021,Norwich City,20,38,22,23,84
eng.1,2022,Manchester City,1,38,89,94,33
eng.1,2022,Arsenal,2,38,84,88,43
eng.1,2022,Manchester United,3,38,75,58,43
eng.1,2022,Newcastle United,4,38,71,68,33
eng.1,2022,Liverpool,5,38,67,75,47
eng.1,2022,Brighton & Hove Albion,6,38,62,72,53
eng.1,2022,Aston Villa,7,38,61,51,46
eng.1,2022,Tottenham Hotspur,8,38,60,70,63
eng.1,2022,Brentford,9,38,59,58,46
eng.1,2022,Fulham,10,38,52,55,53
eng.1,2022,Crystal Palace,11,38,45,40,49
eng.1,2022,Chelsea,12,38,44,38,47
eng.1,2022,Wolverhampton Wanderers,13,38,41,31,58
eng.1,2022,West Ham United,14,38,40,42,55
eng.1,2022,AFC Bournemouth,15,38,39,37,71
eng.1,2022,Nottingham Forest,16,38,38,38,68
eng.1,2022,Everton,17,38,36,34,57
eng.1,2022,Leicester City,18,38,34,51,68
eng.1,2022,Leeds United,19,38,31,48,78
eng.1,2022,Southampton,20,38,25,36,73
eng.1,2023,Manchester City,1,38,91,96,34
eng.1,2023,Arsenal,2,38,89,91,29
eng.1,2023,Liverpool,3,38,82,86,41
eng.1,2023,Aston Villa,4,38,68,76,61
eng.1,2023,Tottenham Hotspur,5,38,66,74,61
eng.1,2023,Chelsea,6,38,63,77,63
eng.1,2023,Newcastle United,7,38,60,85,62
eng.1,2023,Manchester United,8,38,60,57,58
eng.1,2023,West Ham United,9,38,52,60,74
eng.1,2023,Crystal Palace,10,38,49,57,58
eng.1,2023,Brighton & Hove Albion,11,38,48,55,62
eng.1,2023,AFC Bournemouth,12,38,48,54,67
eng.1,2023,Fulham,13,38,47,55,61
eng.1,2023,Wolverhampton Wanderers,14,38,46,50,65
eng.1,2023,Everton,15,38,40,40,51
eng.1,2023,Brentford,16,38,39,56,65
eng.1,2023,Nottingham Forest,17,38,32,49,67
eng.1,2023,Luton Town,18,38,26,52,85
eng.1,2023,Burnley,19,38,24,41,78
eng.1,2023,Sheffield United,20,38,16,35,104
eng.1,2024,Liverpool,1,38,84,86,41
eng.1,2024,Arsenal,2,38,74,69,34
eng.1,2024,Manchester City,3,38,71,72,44
eng.1,2024,Chelsea,4,38,69,64,43
eng.1,2024,Newcastle United,5,38,66,68,47
eng.1,2024,Aston Villa,6,38,66,58,51
eng.1,2024,Nottingham Forest,7,38,65,58,46
eng.1,2024,Brighton & Hove Albion,8,38,61,66,59
eng.1,2024,AFC Bournemouth,9,38,56,58,46
eng.1,2024,Brentford,10,38,56,66,57
eng.1,2024,Fulham,11,38,54,54,54
eng.1,2024,Crystal Palace,12,38,53,51,51
eng.1,2024,Everton,13,38,48,42,44
eng.1,2024,West Ham United,14,38,43,46,62
eng.1,2024,Manchester United,15,38,42,44,54
eng.1,2024,Wolverhampton Wanderers,16,38,42,54,69
eng.1,2024,Tottenham Hotspur,17,38,38,64,65
eng.1,2024,Leicester City,18,38,25,33,80
eng.1,2024,Ipswich Town,19,38,22,36,82
eng.1,2024,Southampton,20,38,12,26,86
eng.1,2025,Arsenal,1,38,85,71,27
eng.1,2025,Manchester City,2,38,78,77,35
eng.1,2025,Manchester United,3,38,71,69,50
eng.1,2025,Aston Villa,4,38,65,56,49
eng.1,2025,Liverpool,5,38,60,63,53
eng.1,2025,AFC Bournemouth,6,38,57,58,54
eng.1,2025,Sunderland,7,38,54,42,48
eng.1,2025,Brighton & Hove Albion,8,38,53,52,46
eng.1,2025,Brentford,9,38,53,55,52
eng.1,2025,Chelsea,10,38,52,58,52
eng.1,2025,Fulham,11,38,52,47,51
eng.1,2025,Newcastle United,12,38,49,53,55
eng.1,2025,Everton,13,38,49,47,50
eng.1,2025,Leeds United,14,38,47,49,56
eng.1,2025,Crystal Palace,15,38,45,41,51
eng.1,2025,Nottingham Forest,16,38,44,48,51
eng.1,2025,Tottenham Hotspur,17,38,41,48,57
eng.1,2025,West Ham United,18,38,39,46,65
eng.1,2025,Burnley,19,38,22,38,75
eng.1,2025,Wolverhampton Wanderers,20,38,20,27,68
